{"cameraMode":{"drawMode":0,"name":"Shaded","section":"Shading Mode"},"sceneLighting":true,"audioPlay":false,"sceneViewState":{"showFog":true,"showMaterialUpdate":false,"showSkybox":true,"showFlares":true,"showImageEffects":true,"showParticleSystems":true},"in2DMode":false,"pivot":{"x":1503.380126953125,"y":-1767.51513671875,"z":-2516.01123046875},"rotation":{"x":-0.005420324392616749,"y":-0.9851094484329224,"z":0.16891050338745118,"w":-0.031611327081918719},"size":5488.09033203125,"orthographic":false}